City,Country,Lat,Max Temp,Humidity,Cloudiness,Windspeed,Date
talnakh,RU,69.4865,15.21,96,100,9.73,1678567688
kapaa,US,22.0752,75.47,69,100,5.75,1678567689
ostrovnoy,RU,68.0531,18.01,92,89,16.15,1678567690
okhotsk,RU,59.3833,10.96,93,100,14.29,1678567690
longyearbyen,SJ,78.2186,17.44,79,75,14.97,1678567691
astoria,US,46.1879,53.44,63,20,13.8,1678567691
bhuban,IN,20.8833,72.09,57,0,1.63,1678567692
tasiilaq,GL,65.6145,12.36,67,0,4.74,1678567693
sibolga,ID,1.7427,74.89,89,79,2.55,1678567695
rikitea,PF,-23.1203,77.58,84,72,31.56,1678567696
the valley,AI,18.217,80.46,69,20,8.05,1678567696
nouakchott,MR,18.0858,78.73,42,0,13.2,1678567697
bredasdorp,ZA,-34.5322,62.74,55,89,4.27,1678567697
busselton,AU,-33.65,62.37,65,97,2.98,1678567698
port elizabeth,ZA,-33.918,67.32,80,10,5.01,1678567698
new norfolk,AU,-42.7826,56.88,66,50,1.01,1678567699
upernavik,GL,72.7868,-7.98,82,68,4.7,1678567699
vila velha,BR,-20.3297,84.15,81,20,13.8,1678567700
dikson,RU,73.5069,2.55,93,100,13.42,1678567700
chippewa falls,US,44.9369,30.97,83,100,13.8,1678567501
bluff,NZ,-46.6,59.77,70,88,14.41,1678567701
saskylakh,RU,71.9167,-11.69,91,99,7.72,1678567702
colwyn bay,GB,53.2948,44.46,90,100,10.4,1678567703
camana,PE,-16.6228,77.45,72,85,9.31,1678567703
cap malheureux,MU,-19.9842,76.46,80,92,5.99,1678567704
atuona,PF,-9.8,80.02,77,84,8.25,1678567705
boyuibe,BO,-20.4167,94.86,24,41,7.76,1678567706
alofi,NU,-19.0595,76.89,22,100,3.44,1678567706
cape town,ZA,-33.9258,62.11,71,0,12.66,1678567506
ziyang,CN,29.2497,59.5,81,100,2.21,1678567707
jamestown,SH,-15.9387,70.74,68,70,16.64,1678567708
rock sound,BS,24.9,76.57,68,18,14.7,1678567709
touros,BR,-5.1989,80.64,79,19,13.11,1678567709
kidal,ML,18.4411,88.57,10,50,5.97,1678567710
vaini,TO,-21.2,80.76,78,75,5.75,1678567711
meulaboh,ID,4.1363,76.28,89,100,3.74,1678567711
pacific grove,US,36.6177,64.51,86,40,9.22,1678567712
qaanaaq,GL,77.484,-3.98,69,4,3.47,1678567713
butaritari,KI,3.0707,81.54,76,4,14.92,1678567714
sabha,LY,27.0377,68.45,22,0,7.11,1678567714
mount isa,AU,-20.7333,71.37,100,75,0,1678567715
dunedin,NZ,-45.8742,63.81,70,29,3,1678567454
ivanivka,UA,46.7208,50.83,86,100,15.37,1678567716
ahipara,NZ,-35.1667,66.87,66,88,4.83,1678567717
saint-philippe,RE,-21.3585,76.59,85,99,11.5,1678567721
ketchikan,US,55.3422,37.87,41,75,4.61,1678567722
avarua,CK,-21.2078,78.85,94,100,14.97,1678567722
portland,AU,-38.3333,56.86,91,73,5.77,1678567723
mar del plata,AR,-38.0023,79.83,95,40,11.5,1678567438
bandarbeyla,SO,9.4942,77.68,82,6,12.73,1678567724
cidreira,BR,-30.1811,78.19,83,57,12.64,1678567784
padre bernardo,BR,-15.35,72.63,84,100,3.18,1678567785
emba,KZ,48.8264,34.45,99,100,3.62,1678567786
menongue,AO,-14.6585,65.46,81,76,1.86,1678567787
hilo,US,19.7297,82.27,77,100,5.75,1678567787
punta arenas,CL,-53.15,59.11,36,0,16.11,1678567789
arlit,NE,18.7369,84.7,8,100,10.13,1678567790
vardo,NO,70.3705,15.78,62,6,24.16,1678567791
taltal,CL,-25.4,71.4,75,38,4.85,1678567587
hermanus,ZA,-34.4187,59.81,60,80,8.59,1678567792
georgetown,SH,-7.9333,80.02,78,96,15.03,1678567792
grindavik,IS,63.8424,16.27,48,75,21.85,1678567793
castro,CL,-42.4721,62.08,96,100,19.57,1678567793
tuktoyaktuk,CA,69.4541,3.2,85,100,19.57,1678567794
leningradskiy,RU,69.3833,-17.1,92,12,5.86,1678567794
manta,EC,-0.95,80.38,78,0,5.75,1678567653
ribeira grande,PT,38.5167,64.8,88,40,28.01,1678567796
guerrero negro,MX,27.9769,69.71,62,4,22.62,1678567796
tripoli,LY,32.8752,66.2,47,5,8.28,1678567797
canto do buriti,BR,-8.11,84.65,52,100,4.16,1678567798
saint-pierre,PM,46.7654,37.36,81,100,25.32,1678567799
kavieng,PG,-2.5744,81.72,73,100,3.85,1678567799
salalah,OM,17.0151,78.89,78,0,1.14,1678567800
port alfred,ZA,-33.5906,67.17,83,86,5.01,1678567800
albany,AU,-35.0169,58.89,81,56,8.88,1678567801
phaphund,IN,26.6,68.43,28,2,2.89,1678567801
mecca,SA,21.4267,74.89,64,57,1.19,1678567507
ushuaia,AR,-54.8,53.26,43,20,10.36,1678567803
port macquarie,AU,-31.4333,70.9,94,100,4.14,1678567516
kutum,SD,14.2,69.57,11,21,11.43,1678567803
alto araguaia,BR,-17.3147,69.28,94,100,5.39,1678567804
warrensburg,US,38.7628,42.62,97,100,6.91,1678567805
klyuchi,RU,52.2667,34.81,98,100,10.18,1678567806
carnarvon,AU,-24.8667,75.22,76,0,23.42,1678567806
ponta do sol,PT,32.6667,68.0,74,76,5.68,1678567807
lebu,CL,-37.6167,63.81,77,85,17.4,1678567630
hobart,AU,-42.8794,57.22,78,75,5.75,1678567808
ponta delgada,PT,37.7333,63.32,94,75,16.11,1678567646
sorland,NO,67.667,31.86,48,61,14.58,1678567811
puerto ayora,EC,-0.7393,85.96,81,51,8.01,1678567812
hambantota,LK,6.1241,77.05,83,49,14.23,1678567812
sitges,ES,41.2351,68.95,35,53,8.21,1678567813
ovalle,CL,-30.5983,76.95,52,0,9.1,1678567814
hasaki,JP,35.7333,47.21,62,2,4.79,1678567815
yellowknife,CA,62.456,0.12,60,20,13.8,1678567815
chokurdakh,RU,70.6333,-27.47,96,41,3.91,1678567816
gladstone,AU,-23.85,78.73,94,9,2.3,1678567816
plettenberg bay,ZA,-34.0527,63.39,70,99,5.41,1678567817
lyuban,BY,52.7985,31.95,95,100,19.37,1678567817
beringovskiy,RU,63.05,4.5,89,90,12.53,1678567818
upington,ZA,-28.4478,68.38,15,0,6.91,1678567878
narsaq,GL,60.9167,37.62,73,3,7.63,1678567879
altamira,BR,-3.2033,89.69,55,40,6.91,1678567879
vrangel,RU,42.7297,35.56,96,100,13.04,1678567880
victoria,SC,-4.6167,81.66,78,40,3.44,1678567881
gainesville,US,29.6516,79.09,21,0,9.22,1678567597
catuday,PH,16.2923,72.68,72,5,6.49,1678567882
hovd,MN,48.0056,27.0,25,98,3.13,1678567882
nome,US,64.5011,15.87,79,100,0,1678567883
tiksi,RU,71.6872,-12.77,97,67,7.96,1678567883
margate,ZA,-30.8636,71.51,84,100,21.21,1678567884
pierre,US,44.3683,37.85,59,0,21.99,1678567839
san quintin,MX,30.4833,66.43,73,98,14.23,1678567885
bonfim,BR,3.0833,88.92,44,95,10.33,1678567885
belaya gora,RU,68.5333,-14.49,91,100,3.96,1678567886
diamantino,BR,-14.4086,71.69,94,100,5.55,1678567886
yar-sale,RU,66.8333,10.04,87,100,18.66,1678567887
thompson,CA,55.7435,19.56,45,20,5.75,1678567887
amahai,ID,-3.3333,77.04,85,84,2.68,1678567888
kadoma,ZW,-18.3333,66.06,78,47,8.52,1678567889
los llanos de aridane,ES,28.6585,64.15,83,75,9.22,1678567889
pahrump,US,36.2083,64.45,47,100,14.72,1678567829
nanortalik,GL,60.1432,28.94,77,27,1.63,1678567890
pokrovsk,RU,61.4781,4.78,96,100,6.8,1678567891
arraial do cabo,BR,-22.9661,80.46,69,40,12.66,1678567891
buluang,PH,13.3068,67.93,91,68,3.87,1678567891
dudinka,RU,69.4058,15.62,95,100,16.78,1678567892
zhuanghe,CN,39.7008,36.55,27,100,15.43,1678567893
chicama,PE,-7.8447,82.94,68,100,6.96,1678567893
morros,BR,-9.4467,84.33,50,94,5.93,1678567894
agirish,RU,61.9247,14.56,89,8,10.18,1678567894
cherskiy,RU,68.75,-16.04,89,43,8.9,1678567895
bethel,US,41.3712,42.03,70,95,1.99,1678567881
flinders,AU,-34.5833,71.19,82,72,5.99,1678567896
hithadhoo,MV,-0.6,81.59,72,14,6.02,1678567896
sengiley,RU,53.9622,28.47,89,93,11.63,1678567897
geraldton,AU,-28.7667,61.21,94,2,5.75,1678567897
provideniya,RU,64.3833,14.88,94,100,2.57,1678567898
port lincoln,AU,-34.7333,60.3,79,8,10.2,1678567898
kodiak,US,57.79,38.71,28,0,12.66,1678567899
pevek,RU,69.7008,-20.88,98,46,10.04,1678567899
kwinana,AU,-32.25,69.94,43,5,2.84,1678567900
vanavara,RU,60.34,18.61,97,100,4.9,1678567877
mackay,AU,-21.15,74.68,87,10,6.15,1678567901
ancud,CL,-41.8697,60.04,93,100,28.45,1678567902
tessalit,ML,20.1986,90.57,9,89,7.54,1678567902
saldanha,ZA,-33.0117,57.25,72,49,19.19,1678567904
mitu,CO,1.1983,77.45,87,97,2.1,1678567904
camacari,BR,-12.6975,82.17,76,10,7.16,1678567605
iqaluit,CA,63.7506,-2.47,78,20,0,1678567905
sitka,US,57.0531,33.69,32,40,9.22,1678567966
bourail,NC,-21.5667,78.21,64,2,5.23,1678567966
fortuna,US,40.5982,52.99,74,20,12.66,1678567967
severo-kurilsk,RU,50.6789,31.64,90,100,8.34,1678567967
samarai,PG,-10.6167,81.34,77,99,5.86,1678567968
clyde river,CA,70.4692,3.43,78,20,18.41,1678567968
nikolskoye,RU,59.7035,24.69,98,100,7.27,1678567969
hualmay,PE,-11.0964,79.14,71,77,9.42,1678567969
pangnirtung,CA,66.1451,-0.4,85,0,0,1678567970
bodden town,KY,19.2833,86.0,58,20,10.36,1678567971
lima,PE,-12.0432,83.89,67,20,10.36,1678567928
kungurtug,RU,50.5994,8.8,87,100,2.71,1678567971
grand gaube,MU,-20.0064,79.2,80,93,5.99,1678567972
ola,RU,59.5833,2.73,91,100,7.9,1678567972
kruisfontein,ZA,-34.0033,64.89,66,45,7.81,1678567926
niquelandia,BR,-14.4739,75.61,83,96,5.61,1678567935
khatanga,RU,71.9667,-22.85,100,56,6.89,1678567973
charyshskoye,RU,51.3978,38.89,72,100,11.1,1678567974
klaksvik,FO,62.2266,23.92,51,100,9.84,1678567974
husavik,IS,66.0449,15.94,80,100,12.3,1678567975
eirunepe,BR,-6.6603,74.23,97,100,0.65,1678567975
te anau,NZ,-45.4167,54.86,93,100,7,1678567811
caravelas,BR,-17.7125,77.27,78,100,6.2,1678567976
mwaro,BI,-3.5,57.45,97,100,1.57,1678567976
lagunas,PE,-5.2269,82.9,66,97,2.98,1678567977
subate,LV,56.0062,24.75,92,100,11.12,1678567977
yuci,CN,37.6803,28.15,37,0,8.95,1678567978
kaitangata,NZ,-46.2817,57.69,65,98,4.18,1678567978
mackenzie,CA,55.2999,12.42,40,75,8.05,1678567979
fengxian,CN,34.7039,45.84,21,100,20.6,1678567980
nevel,RU,56.0209,34.11,100,100,6.62,1678567980
lorengau,PG,-2.0226,79.92,80,94,1.7,1678567981
kokopo,PG,-4.352,77.45,84,96,3.67,1678567981
halmaj,HU,48.25,38.62,59,100,12.93,1678567982
baraya,CO,3.1533,73.2,90,100,1.77,1678567982
tulum,MX,20.2167,84.16,44,0,7.72,1678567712
kemise,ET,10.7167,66.97,83,100,2.48,1678567983
barrow,US,71.2906,-12.98,77,0,8.05,1678567984
cabo san lucas,MX,22.8909,91.18,52,0,9.98,1678567983
conde,BR,-7.2597,83.66,70,40,11.5,1678567985
sayyan,YE,15.1718,56.95,71,99,3,1678567985
ouadda,CF,8.0777,73.9,18,9,5.61,1678567986
svetlyy,RU,54.675,33.96,71,15,16.11,1678567986
batagay-alyta,RU,67.8006,-23.04,93,71,5.59,1678567987
payson,US,40.0444,42.26,56,75,5.75,1678567987
miracema,BR,-21.4122,75.85,87,58,2.62,1678567988
pisco,PE,-13.7,77.05,78,0,8.05,1678567988
vila franca do campo,PT,37.7167,63.01,96,100,21.97,1678567989
srednekolymsk,RU,67.45,-11.63,91,100,1.5,1678567990
shingu,JP,33.7333,54.43,84,97,4.94,1678567991
westport,IE,53.8,49.19,100,88,13.18,1678568051
dingle,IE,52.1408,49.82,90,53,16.96,1678568052
vondrozo,MG,-22.8167,65.7,96,95,1.74,1678568052
vao,NC,-22.6667,77.11,65,66,15.26,1678568053
acapulco,MX,16.8634,84.02,65,0,12.66,1678567838
asfi,MA,32.2994,63.41,70,15,18.01,1678568054
bambous virieux,MU,-20.3428,79.05,83,75,13.8,1678568054
beberibe,BR,-4.1797,79.03,81,77,6.89,1678568054
nago,JP,26.5881,64.83,76,55,12.48,1678568055
pucallpa,PE,-8.3791,82.44,74,75,8.05,1678568056
kasempa,ZM,-13.4584,67.55,79,99,4.43,1678568056
tautira,PF,-17.7333,82.24,82,49,15.86,1678568057
sept-iles,CA,50.2001,34.32,70,20,6.91,1678568057
saint-joseph,RE,-21.3667,75.58,83,99,12.35,1678568058
roald,NO,62.5833,30.34,47,40,10.36,1678568059
zeya,RU,53.75,8.42,97,100,1.81,1678567850
shahreza,IR,32.0339,49.86,43,0,4.74,1678568061
tilichiki,RU,60.4667,-12.53,91,12,9.48,1678568062
sao felix do xingu,BR,-6.6447,77.54,94,46,3.27,1678568062
paracuru,BR,-3.41,82.11,78,82,8.72,1678568063
lagos,NG,6.5833,84.52,83,69,8.01,1678567789
tahta,EG,26.7693,69.17,25,0,6.24,1678568065
kahului,US,20.8947,79.97,64,20,5.75,1678568068
mahebourg,MU,-20.4081,79.09,83,75,13.8,1678568074
lukovetskiy,RU,64.2956,17.26,95,100,5.91,1678568076
kopeysk,RU,55.131,23.25,91,6,7.65,1678568077
college,US,64.8569,20.21,81,20,0,1678568077
tiznit,MA,29.5833,73.56,28,3,0.74,1678568078
saint-augustin,CA,51.226,33.8,72,77,13,1678568078
mountain home,US,43.133,47.43,42,40,0,1678568078
kenai,US,60.5544,23.05,54,0,0,1678568079
chuy,UY,-33.6971,80.69,66,5,13.73,1678567872
nuuk,GL,64.1835,30.81,74,20,9.22,1678568080
zhigansk,RU,66.7697,-28.12,100,95,4.21,1678568080
tampere,FI,61.4991,25.0,61,100,6.91,1678568081
san andres,CO,12.5847,84.22,61,20,11.5,1678568082
sakakah,SA,29.9697,63.97,23,0,12.28,1678568076
kyra,RU,49.5776,-4.83,89,9,3.78,1678568082
channel-port aux basques,CA,47.5702,35.62,79,100,10.29,1678568083
kulhudhuffushi,MV,6.6221,81.43,77,13,9.48,1678568084
port blair,IN,11.6667,78.3,73,56,1.63,1678568013
tashla,RU,51.7716,21.49,92,11,6.91,1678568085
sur,OM,22.5667,77.94,51,99,5.32,1678567982
berlevag,NO,70.8578,17.55,57,48,24.16,1678568004
adrar,DZ,25.75,75.97,9,0,12.28,1678568086
chalon-sur-saone,FR,46.7833,44.22,96,100,3.2,1678568087
bengkulu,ID,-3.8004,74.28,90,100,3.15,1678568087
tuatapere,NZ,-46.1333,58.75,78,97,7.63,1678568017
kapit,MY,2.0167,70.29,99,100,1.21,1678568088
aklavik,CA,68.2191,-0.4,65,20,4.61,1678568089
atar,MR,20.5169,84.09,8,0,7.87,1678568149
vajszlo,HU,45.8596,39.29,68,61,5.66,1678568150
creel,MX,27.75,69.37,20,0,15.9,1678568152
esperance,AU,-33.8667,60.1,92,30,9.44,1678567947
providencia,MX,28.7167,93.06,25,2,13,1678568153
suntar,RU,62.1444,-23.96,100,96,4.21,1678568154
jardim,BR,-21.4803,79.68,86,52,3.76,1678568154
kinablangan,PH,7.6947,76.37,85,62,10.25,1678568155
pilar,PH,14.66,74.14,81,66,4.21,1678568155
carauari,BR,-4.8828,74.8,95,100,1.03,1678568156
bankura,IN,23.25,73.78,28,1,5.97,1678568156
marystown,CA,47.1666,35.04,84,100,20.2,1678567869
krasnoselkup,RU,65.7,29.55,96,100,22.88,1678568157
soyo,AO,-6.1349,79.61,84,100,5.95,1678568158
serbanesti,RO,44.3333,42.03,57,57,24.4,1678568158
waingapu,ID,-9.6567,76.3,86,30,5.64,1678568071
galle,LK,6.0367,76.19,87,74,5.61,1678568159
mangrol,IN,21.1167,77.09,41,25,11.5,1678568159
burley,US,42.5357,42.3,56,20,3.44,1678568160
alyangula,AU,-13.8483,80.24,77,69,10.13,1678568160
norman wells,CA,65.282,-2.16,65,75,2.3,1678567957
buchanan,LR,5.8808,79.09,84,93,5.84,1678568048
altay,CN,47.8667,29.35,49,100,8.9,1678568161
luderitz,NA,-26.6481,64.36,74,0,19.35,1678568162
chakulia,IN,22.4833,75.74,39,2,5.75,1678568163
praia,CV,14.9215,79.34,44,0,20.71,1678568164
coihaique,CL,-45.5752,63.21,94,100,3.44,1678568165
realeza,BR,-25.7689,79.66,65,100,3.24,1678568165
sorong,ID,-0.8833,78.19,85,21,4.61,1678568166
morondava,MG,-20.2833,76.19,84,99,5.97,1678568166
pangai,TO,-19.8,78.55,85,100,17.07,1678568167
paamiut,GL,61.994,26.83,78,99,7.02,1678568167
montero,BO,-17.3333,94.1,66,40,2.44,1678568168
hobyo,SO,5.3505,79.97,82,11,13.89,1678568169
epe,NG,6.5841,82.11,83,63,8.34,1678568169
biak,ID,-0.9131,75.06,84,94,2.84,1678568170
puerto madryn,AR,-42.7692,93.29,19,65,21,1678567874
ambilobe,MG,-13.2,73.44,97,100,1.21,1678568171
wakkanai,JP,45.4094,33.8,79,99,3.47,1678568171
coos bay,US,43.3665,57.31,87,75,6.91,1678568173
ilulissat,GL,69.2167,23.02,39,0,9.22,1678568173
nishihara,JP,26.1842,65.48,82,20,6.91,1678568174
namibe,AO,-15.1961,72.19,85,100,2.98,1678568174
iisalmi,FI,63.5592,16.09,95,100,3.53,1678568175
rio gallegos,AR,-51.6226,55.45,35,0,24.16,1678568045
visby,SE,57.6409,31.82,55,20,10.36,1678568176
constitucion,MX,23.9912,84.13,7,1,7,1678568176
east london,ZA,-33.0153,69.12,74,71,16.24,1678568143
fengzhen,CN,40.4394,15.75,25,0,7.4,1678568177
pochutla,MX,15.7432,87.82,49,71,8.16,1678568178
qaqortoq,GL,60.7167,21.85,77,3,6.4,1678568238
shache,CN,38.4167,46.53,31,2,4.68,1678568239
chapais,CA,49.7834,24.58,79,100,8.01,1678568240
nan,TH,18.8333,75.76,48,100,0.72,1678568240
sinnamary,GF,5.3833,78.57,73,89,11.07,1678568241
shimoda,JP,34.6667,49.1,71,15,4.47,1678568241
general pico,AR,-35.6566,102.18,15,100,13.56,1678568245
williams lake,CA,52.1415,27.05,63,100,4.61,1678568246
tarnow,PL,50.0138,35.1,77,83,16.15,1678568246
myatlevo,RU,54.8969,35.67,100,100,13.47,1678568247
shelburne,CA,44.0787,27.9,74,100,7.56,1678568247
mutis,CO,6.2262,78.67,83,100,1.86,1678568248
souillac,MU,-20.5167,79.18,83,75,13.8,1678568248
jena,DE,50.9333,31.14,64,72,4.56,1678568249
kupang,ID,-10.1667,76.14,83,66,3.71,1678568249
stephenville,CA,48.55,39.18,75,75,9.22,1678568250
kieta,PG,-6.2167,79.68,78,61,2.46,1678568251
namatanai,PG,-3.6667,79.12,80,100,0.69,1678568252
komsomolskiy,RU,43.9783,45.7,91,100,16.84,1678568252
bilibino,RU,68.0546,-23.87,97,8,3.62,1678568252
chingirlau,KZ,51.095,26.67,93,22,7.54,1678568253
jamame,SO,0.0722,77.68,88,83,10.31,1678568254
havelock,US,34.8791,57.16,43,0,19.57,1678568254
columbus,US,39.9612,41.67,60,100,4.61,1678568255
oissel,FR,49.3333,45.55,86,100,11.5,1678568255
lazaro cardenas,MX,17.9583,81.73,57,2,9.84,1678568072
la sarre,CA,48.8002,19.56,85,100,9.82,1678568256
rhyl,GB,53.3196,39.9,97,100,11.5,1678568257
coquimbo,CL,-29.9533,74.93,56,0,11.5,1678568236
longyan,CN,25.1072,63.81,59,99,1.23,1678568257
labuhan,ID,-6.8844,75.79,87,98,9.22,1678568152
broken hill,AU,-31.95,59.29,67,0,15.97,1678568258
nador,MA,35.174,68.25,60,0,10.36,1678568259
itoman,JP,26.1247,66.22,82,20,6.91,1678568259
bathsheba,BB,13.2167,83.01,65,40,17.27,1678568260
arezzo,IT,43.4724,56.19,95,57,2.59,1678568260
olafsvik,IS,64.8945,19.42,61,100,23.11,1678568260
malim,PH,7.452,77.22,81,10,14.12,1678568261
sturgis,US,41.7992,40.06,67,0,6.91,1678568262
sola,VU,-13.8833,79.41,82,100,11.97,1678568152
jaguaquara,BR,-13.5306,71.73,84,80,6.49,1678568262
rock springs,US,41.5875,32.23,65,0,18.41,1678568263
gamba,GA,-2.65,75.02,89,100,3.74,1678568066
sao filipe,CV,14.8961,76.05,62,0,5.82,1678568264
cayenne,GF,4.9333,84.24,70,75,11.5,1678568264
hokitika,NZ,-42.7167,60.57,79,100,3.83,1678568265
ust-maya,RU,60.4167,12.36,95,100,6.46,1678568266
karangasem,ID,-8.45,76.01,83,76,5.26,1678568267
tingi,TZ,-11.3,64.69,92,100,3.89,1678568267
lagoa,PT,39.05,61.95,91,100,31.74,1678568268
sri aman,MY,1.2376,75.25,94,100,0,1678568328
tumaco,CO,1.7986,79.07,84,100,3.56,1678568329
necochea,AR,-38.5473,82.53,63,4,18.77,1678568329
ewa beach,US,21.3156,79.97,61,0,5.75,1678568264
harper,LR,4.375,80.28,86,38,8.75,1678568330
basoko,CD,1.2391,72.07,91,96,2.91,1678568331
savannakhet,LA,16.566,69.15,69,92,7.36,1678568331
correntina,BR,-13.3433,85.73,37,100,3,1678568332
lompoc,US,34.6391,66.34,90,100,9.22,1678568332
padang,ID,-0.9492,75.88,88,100,2.89,1678568332
mamontovo,RU,52.7055,34.79,98,100,18.81,1678568333
mogadishu,SO,2.0371,79.39,88,89,18.25,1678568333
digha,IN,21.6833,75.47,55,0,7.83,1678568334
buraydah,SA,26.326,66.65,30,3,12.84,1678568334
rimbey,CA,52.6334,14.52,81,100,3.42,1678568335
saint george,BM,32.3817,65.98,89,100,26.46,1678568337
mulchen,CL,-37.7167,98.46,22,0,9.84,1678568338
griffith,AU,-34.2833,65.82,43,0,4.65,1678568338
apricena,IT,41.7839,53.42,66,95,3.56,1678568339
solhan,TR,38.9634,39.51,99,100,3.18,1678568340
erenhot,CN,43.6475,17.28,26,7,10.98,1678568340
pemangkat,ID,1.1667,74.37,93,98,8.93,1678568341
naze,JP,28.3667,65.32,60,100,9.89,1678568341
leshukonskoye,RU,64.8989,14.43,96,98,5.44,1678568341
deputatskiy,RU,69.3,-11.65,95,100,1.48,1678568342
san patricio,MX,19.2167,82.24,59,20,7.72,1678568342
amalapuram,IN,16.5833,70.63,86,0,3.02,1678568343
opuwo,NA,-18.0607,71.29,47,14,1.03,1678568343
waiuku,NZ,-37.25,69.26,73,94,6.69,1678568344
la macarena,CO,2.1837,72.88,97,100,1.99,1678568344
kang,BW,-23.6752,77.85,38,53,6.15,1678568345
umm lajj,SA,25.0213,73.62,51,0,4.21,1678568345
smithers,CA,54.7804,19.72,45,75,9.22,1678568346
calawag,PH,10.6697,73.22,84,9,6.58,1678568347
batemans bay,AU,-35.7167,65.1,89,57,3.76,1678568347
atasu,KZ,48.6814,32.56,99,100,4.72,1678568348
demba,CD,-5.51,67.15,98,100,1.52,1678568349
mitsamiouli,KM,-11.3847,82.89,71,100,8.61,1678568349
comodoro rivadavia,AR,-45.8667,71.46,46,20,16.11,1678568350
chokwe,MZ,-24.5333,73.04,91,6,4.81,1678568350
plastun,RU,44.7561,31.35,93,100,1.7,1678568350
laguna,BR,-28.4825,77.49,81,0,4.03,1678568351
elko,US,41.0002,33.64,59,35,1.01,1678568351
ajdabiya,LY,30.7554,63.05,68,53,11.79,1678568352
sroda wielkopolska,PL,52.2284,31.73,82,16,12.86,1678568353
vikulovo,RU,56.8167,21.65,93,12,9.28,1678568353
port hedland,AU,-20.3167,82.45,89,0,10.36,1678568354
ballina,IE,54.1167,49.44,93,80,18.32,1678568354
alice springs,AU,-23.7,60.35,44,0,5.75,1678568355
newport,US,41.4901,38.19,79,100,23.02,1678568355
lamu,KE,-2.2717,80.82,87,93,13.2,1678568426
sabang,PH,14.6951,69.89,78,20,5.75,1678568436
banikoara,BJ,11.2985,91.63,13,100,4.09,1678568437
puerto del rosario,ES,28.5004,65.95,88,20,11.5,1678568439
high level,CA,58.5169,5.11,78,100,16.11,1678568416
eureka,US,40.8021,53.67,62,100,7,1678568416
wajid,SO,3.8093,80.65,56,76,19.64,1678568440
kon tum,VN,14.35,55.96,95,13,2.66,1678568440
hofn,IS,64.2539,15.73,66,6,21.74,1678568441
staryy nadym,RU,65.6118,11.23,88,100,26.78,1678568442
palmas,BR,-10.2128,85.87,70,20,4.61,1678570325
maungatapere,NZ,-35.75,68.22,61,87,4.27,1678570468
tsuruga,JP,35.6455,54.64,88,99,7.7,1678570468
matadi,CD,-5.8167,76.71,94,100,2.8,1678570469
abapo,BO,-18.8333,82.56,50,17,6.82,1678570469
santa isabel,BR,-23.3156,73.11,95,100,2.68,1678570470
puri,IN,19.8,73.92,73,0,6.46,1678570470
natal,BR,-5.795,81.25,74,20,12.66,1678570181
svetlaya,RU,46.5389,30.16,90,100,0.07,1678570471
takoradi,GH,4.8845,79.9,87,36,8.43,1678570471
port jervis,US,41.3751,40.89,90,99,5.79,1678570346
mount gambier,AU,-37.8333,57.54,87,14,5.5,1678570305
vahan,AM,40.5755,37.45,66,77,7.31,1678570472
pedregulho,BR,-20.2569,64.4,93,100,2.46,1678570473
la ronge,CA,55.1001,21.42,58,75,10.36,1678570474
manoharpur,IN,27.3,66.94,28,0,2.68,1678570474
barcelos,BR,-0.9747,75.97,95,100,3.2,1678570475
neftcala,AZ,39.3742,51.94,86,24,9.82,1678570475
bonthe,SL,7.5264,79.3,85,100,5.93,1678570476
chaihe,CN,44.7667,28.27,36,100,3.87,1678570476
henties bay,NA,-22.116,62.58,83,15,6.64,1678570477
bardiyah,LY,31.7561,62.26,73,100,6.87,1678570477
inta,RU,66.0317,14.32,93,100,15.39,1678570478
sarkand,KZ,45.41,55.44,37,100,7.31,1678570478
korla,CN,41.7597,41.79,28,7,1.45,1678570479
maneadero,MX,31.7167,63.1,84,100,5.99,1678570479
eyl,SO,7.9803,77.52,84,5,14.23,1678570480
hamina,FI,60.5697,22.28,96,100,6.85,1678570480
nalut,LY,30.3333,64.74,29,0,7.85,1678570481
skjern,DK,55.95,36.01,78,56,12.84,1678570481
poperinge,BE,50.8549,42.15,74,100,4,1678570482
rafai,CF,4.95,75.94,67,61,5.91,1678570482
ibotirama,BR,-12.1853,85.8,36,96,4.59,1678570482
yumen,CN,40.2833,27.23,32,2,5.88,1678570483
tiruvallur,IN,13.15,78.44,90,0,4.52,1678570483
pafos,CY,34.7667,55.24,54,0,5.75,1678570206
ranfurly,NZ,-45.1333,67.1,48,1,8.75,1678570484
isangel,VU,-19.55,80.71,78,40,0,1678570450
sidi ali,DZ,36.0998,55.99,64,53,6.85,1678570485
lakes entrance,AU,-37.8811,60.17,90,90,5.53,1678570485
dukat,RU,62.55,-2.27,84,100,6.62,1678570546
mao,TD,14.1212,78.49,10,98,11.59,1678570377
kismayo,SO,-0.3582,78.39,87,84,13.18,1678570546
mahibadhoo,MV,3.7833,81.21,77,38,11.41,1678570547
saint-cyr-sur-loire,FR,47.4,53.85,91,100,11.5,1678570412
trabzon,TR,40.9167,69.89,20,0,13.8,1678570547
lewiston,US,44.1003,40.39,55,0,8.05,1678570548
umm bab,QA,25.2142,67.24,79,11,13.51,1678570548
mandera,KE,3.9366,86.27,46,88,20.33,1678570549
phoenixville,US,40.1304,43.3,68,100,16.11,1678570549
torbay,CA,47.6666,35.28,96,100,24.16,1678570347
karasburg,NA,-28.0167,65.82,37,0,7.96,1678570550
bonavista,CA,48.6499,32.81,97,100,22.08,1678570551
muli,MV,2.9167,81.75,76,33,11.32,1678570551
erdenet,MN,49.0333,6.21,71,4,4.43,1678570552
talcher,IN,20.95,70.32,54,0,2.66,1678570552
riverton,US,40.5219,45.64,55,92,5.01,1678570553
boditi,ET,6.9667,61.74,72,100,5.39,1678570553
penzance,GB,50.1186,52.48,94,32,21.16,1678570554
corrales,PE,-15.4662,48.99,69,93,9.1,1678570554
kenora,CA,49.8167,20.37,63,100,14.97,1678570511
fukue,JP,32.6881,61.65,84,94,12.35,1678570555
kailua,US,21.4022,78.49,62,20,7,1678570462
acarau,BR,-2.8856,79.3,83,70,11.03,1678570556
joshimath,IN,30.5667,48.09,41,9,7.74,1678570556
vaitape,PF,-16.5167,81.55,80,98,19.1,1678570557
vagur,FO,61.4732,28.99,57,100,18.63,1678570557
hoquiam,US,46.9809,48.45,78,100,12.66,1678570558
praia da vitoria,PT,38.7333,63.75,100,75,32.84,1678570558
hervey bay,AU,-25.2986,79.65,86,5,11.41,1678570558
cockburn town,TC,21.4612,74.88,60,64,3.09,1678570559
yenagoa,NG,4.9247,76.51,88,94,1.48,1678570560
shwebo,MM,22.5667,77.13,23,99,5.86,1678570560
paita,PE,-5.0892,78.75,77,92,12.64,1678570561
leh,IN,34.1667,14.09,43,0,2.55,1678570561
tanete,ID,-3.9443,74.19,96,82,2.62,1678570562
schladming,AT,47.3929,29.53,100,97,4.27,1678570562
rio grande,BR,-32.035,84.31,87,1,14.05,1678570563
sisimiut,GL,66.9395,10.36,79,5,5.53,1678570564
shieli,KZ,44.1667,49.28,82,100,4.72,1678570564
iwanai,JP,42.9744,35.8,85,39,6.46,1678570565
kindu,CD,-2.95,67.06,99,81,1.59,1678570565
champerico,GT,14.3,84.74,61,36,9.26,1678570566
toora-khem,RU,52.4675,12.29,95,100,1.83,1678570566
port hardy,CA,50.6996,44.78,70,75,14.97,1678570567
aswan,EG,24.0934,72.7,23,0,6.91,1678570521
dossor,KZ,47.5272,42.1,89,12,8.7,1678570568
dovbysh,UA,50.3733,35.51,95,100,17.4,1678570569
thies,SN,14.8342,81.25,29,0,14.97,1678570569
sungairaya,ID,0.7,73.81,93,100,6.67,1678570570
pozo colorado,PY,-23.4923,85.17,60,98,4.74,1678570630
gerash,IR,27.6652,57.34,46,0,3.31,1678570631
bundaberg,AU,-24.85,80.22,97,9,3,1678570350
sioux lookout,CA,50.1001,23.07,36,100,10.36,1678570632
north bend,US,43.4065,56.91,73,40,9.22,1678570632
sao jose do calcado,BR,-21.0253,71.67,93,75,1.59,1678570633
miri,MY,4.4148,75.34,94,40,1.14,1678570633
alugan,PH,12.2188,75.88,82,19,10.83,1678570634
damoh,IN,23.8333,69.3,31,0,4.63,1678570634
sijunjung,ID,-0.6876,71.31,98,99,0.92,1678570635
seoul,KR,37.5683,51.4,82,75,5.75,1678570511
datteln,DE,51.6667,37.51,75,47,4.94,1678570637
vershino-shakhtaminskiy,RU,51.3012,-17.25,94,9,3.56,1678570637
zhangye,CN,38.9342,32.31,35,0,5.91,1678570638
elban,RU,50.1018,12.4,99,100,2.75,1678570639
yulara,AU,-25.2406,71.26,25,0,6.35,1678570641
bintulu,MY,3.1667,73.81,100,20,0,1678570584
ossora,RU,59.2353,-1.75,73,0,2.53,1678570642
evensk,RU,61.95,-7.89,82,81,3.94,1678570642
susanville,US,40.4163,37.11,92,100,1.01,1678570643
buenos aires,CR,9.1719,76.48,92,88,1.9,1678570643
indian head,CA,50.5334,14.99,93,100,18.3,1678570644
awbari,LY,26.5921,67.32,19,0,6.04,1678570645
kalemie,CD,-5.9475,68.49,88,100,4.18,1678570645
sulangan,PH,11.1373,77.99,76,17,17.29,1678570646
